Manuela,17686,
Devan,42844,
Elisa,30385,
Mark,27452,
London,25704,
Malachi,33695,
Rachel,45830,
Enola,44409,
Antonetta,46499,
Jaunita,6033,
Theresa,4350,
Chet,8970,
Karolann,40193,
Matteo,44929,
Haleigh,1528,
Darron,13075,
Kaley,24997,
Shaun,16094,
Newton,49624,
Milford,47045,
Ernesto,13301,
Emery,318,
Anita,20136,
Lorine,27352,
Karl,31672,
Marley,25132,
Laverne,33537,
Delbert,8548,
Malvina,36369,
Dalton,48951,
Selmer,5380,
Summer,31975,
Dawson,43790,
Maegan,18068,
Joannie,42858,
Alessandro,11849,
Dayne,7426,
Sigurd,14773,
Gerry,25365,
Chance,8157,
Maia,24906,
Lacey,14501,
Ashley,15413,
Dayne,11830,
Asha,10811,
Sandrine,39324,
Jailyn,48212,
Damaris,44170,
Chelsey,37536,
Fleta,7941,
Willie,20575,
Mateo,49150,
Lavina,22530,
Noelia,4343,
Marianne,16721,
Eli,16029,
Aurelia,11484,
Thalia,24875,
Waino,46461,
Blanche,19652,
Stanley,49572,
Shanel,37073,
Manuela,18552,
Zion,35244,
Tom,35272,
Boyd,7258,
Soledad,35888,
Kellen,17912,
Dale,15743,
Jerrell,46294,
Destany,43661,
Harold,34986,
Jayne,49652,
Ellie,39996,
Makenzie,35979,
Johathan,34783,
Vladimir,16806,
Fanny,20934,
Amparo,2117,
Dewayne,28463,
Shanny,34465,
Carli,17791,
Theodore,2897,
Saige,2447,
Obie,15909,
Vicente,47668,
Meta,11084,
Raymond,13899,
Carolyn,29920,
Lucio,26264,
Wilfredo,12601,
Tressie,21336,
Elizabeth,44051,
Carmela,1412,
Eliseo,11702,
Wayne,1323,
Hoyt,24706,
Kaleb,38985,
Brigitte,35004,
Keanu,30936,
Hayley,42489,
Ocie,19045,
Treva,49325,
Elian,16469,
Moises,47284,
Juston,10686,
Sienna,29407,
Merl,14127,
Marilie,8605,
Julius,28867,
Jarret,10862,
Daphne,28539,
Jonathon,17549,
Henri,11945,
Jermaine,4803,
Elfrieda,29872,
Alva,38197,
Adolphus,1110,
Friedrich,14545,
Telly,21896,
Letha,35477,
Charlie,14713,
Lora,48974,
Jed,13541,
Coy,29364,
Neoma,17313,
Rhoda,27452,
Izabella,40898,
Oma,14950,
Camden,15519,
Destini,36809,
Herman,39822,
Napoleon,42121,
Dominique,24211,
Horacio,43872,
Beaulah,40966,
Lavada,47610,
Devonte,17087,
Reanna,11917,
Vella,41226,
Gerard,38229,
Angela,10360,
Halie,40641,
Lesley,5010,
Deangelo,26865,
Marilou,38280,
Willie,44420,
Ettie,12255,
Claudia,36260,
Danyka,42125,
Adriel,15708,
Destini,34754,
Brenden,32737,
Krystal,44167,
Vernie,28647,
Dave,34594,
Omer,39352,
Luna,33307,
Maida,8817,
Favian,41769,
Brayan,44706,
Mabelle,32023,
Hunter,17123,
Christop,3736,
Wilbert,32954,
Watson,38643,
Winona,22256,
Chance,8756,
Woodrow,17262,
Nolan,49919,
Monserrate,18814,
Raphael,46662,
Rene,38854,
Kiel,12257,
Tobin,43293,
Lenora,41316,
Reynold,46540,
Germaine,9990,
Adan,31221,
Abigail,8778,
Anais,17727,
Mohammed,27252,
Jamal,25429,
Barney,42710,
Hilma,21706,
Justyn,5898,
Alysa,14237,
Zoie,13091,
Berniece,7846,
Alene,29519,
Santiago,16008,
Dawson,3598,
Kennedi,4212,
Gabrielle,33541,
Brandon,4295,
Yasmin,39468,
Elwin,12542,
Jazmin,41874,
Rupert,16163,
Maye,5433,
Nora,49296,
Anjali,19483,
Ferne,24233,
Titus,37265,
Mack,24895,
Christina,15325,
Reymundo,13597,
Evangeline,16700,
Sage,23474,
Lauren,40389,
Assunta,19368,
Dusty,23332,
Gretchen,26749,
Monroe,26643,
Evans,21768,
Donnell,7083,
Velma,21631,
Shayne,32150,
Gordon,42939,
Bria,41941,
Pearl,46747,
Graham,37496,
Ulices,8682,
Kianna,20563,
Leo,24779,
Devonte,3769,
Ian,30564,
Adaline,37441,
Jamal,4666,
Chasity,31771,
Amber,28574,
Holly,38839,
Shakira,34189,
Hazel,34101,
Greta,7639,
Roberta,36866,
Landen,4313,
Susie,3832,
Odell,24102,
Jarrell,46107,
Isobel,6523,
Maxine,39943,
Nyah,24888,
Alfreda,4189,
Gabrielle,5284,
Einar,43803,
Lonny,20864,
Shaniya,14556,
Immanuel,17704,
Lorenz,13503,
Orion,4113,
Hollis,5870,
Giovanni,21179,
Isai,32279,
Jessika,34452,
Jarrett,43617,
Georgiana,48051,
Reginald,16116,
Jamarcus,6111,
Erik,9064,
Bert,8633,
Hester,34479,
Laverne,10653,
Charlene,23627,
Pink,27847,
Duncan,342,
Stefanie,48139,
Georgianna,19390,
Norbert,44751,
Charity,28368,
Greg,14329,
Jovanny,46673,
Ernest,24967,
Elwin,27930,
Elijah,14043,
Zola,25130,
Cleta,22601,
Kaycee,2536,
Kirk,33939,
Grady,3912,
Johnson,28293,
Israel,1689,
Devonte,6676,
Lauryn,32516,
Wyman,14365,
Deontae,26875,
Georgiana,23316,
Ila,48576,
Eloise,20129,
Art,32008,
Marion,37239,
Jayden,22976,
Arlene,5877,
April,25754,
Barbara,43156,
Arnoldo,47524,
Kane,33936,
Lexie,31206,
Rupert,30509,
Wilber,4203,
Christophe,18074,
Payton,14346,
Nella,16036,
Leola,35098,
Beth,15363,
Aglae,31233,
Adrianna,28833,
Benjamin,40638,
Arnoldo,12191,
Joelle,1937,
Jettie,6056,
Blanche,21900,
Giles,34614,
Malinda,11669,
Davion,24567,
Arch,5895,
Alanna,2538,
Jamie,46185,
Oliver,12755,
Marjolaine,8200,
Gudrun,26655,
Irwin,8374,
Josianne,17436,
Koby,40405,
Jonatan,16355,
Kirstin,24003,
Yessenia,32347,
Keaton,29708,
Elza,23579,
Reynold,24173,
Elenora,49918,
Hilma,34571,
Rubye,9382,
Patrick,4544,
Niko,48036,
Bryon,47290,
Brown,34361,
Oswaldo,9691,
Nella,47354,
Jazmyne,32693,
Jackie,5515,
Eino,42411,
Rasheed,47422,
Ambrose,42108,
Dean,43688,
Shaylee,36061,
Matilda,45886,
Eudora,7685,
Triston,43654,
Brook,44405,
Imogene,40285,
Lelia,36688,
Tevin,16519,
Gerard,4086,
Jarret,10763,
Elijah,10303,
Meghan,3226,
Brody,41498,
Kian,11846,
Leif,32365,
Aubrey,7540,
Amaya,13396,
Daphne,32482,
Joelle,31722,
Aaliyah,16867,
Carmella,19798,
Coby,21257,
Arno,28744,
Evelyn,19807,
Rudolph,5654,
Madisyn,46143,
Kyle,19387,
Sadye,20649,
Riley,31373,
Sibyl,25474,
Jamir,21892,
Anjali,24270,
Ciara,7738,
Dannie,14074,
Neal,43788,
Casey,27656,
Dee,12922,
Mireille,5930,
Angelo,22689,
Gustave,29276,
Allan,32816,
Dusty,7915,
Nia,38794,
Cassandre,25808,
Edd,8800,
Roxanne,48249,
Virgie,14264,
Maximillian,17555,
Laurence,1685,
Savion,2403,
Justice,14938,
Abbie,29500,
Bulah,17179,
Cordia,26919,
Odie,49121,
Myah,16328,
Adonis,34537,
Alva,6412,
Terrill,30433,
Emmanuelle,12521,
Julia,17908,
Candida,10040,
Antonina,46819,
Tevin,14323,
Cody,277,
Mae,6075,
Earnestine,47775,
Ruthe,14845,
Crystal,6188,
Emelie,11094,
Orion,10235,
Marty,47226,
Desmond,14656,
Marjolaine,38268,
Lilian,45507,
Don,39002,
Willa,19205,
Raven,25252,
Bret,27377,
Holden,5409,
Marlene,42142,
Teagan,39551,
Austen,25389,
Lucius,8222,
Aric,41852,
Victor,32837,
Edythe,32917,
Norberto,45680,
Ariane,10524,
Dessie,34111,
Bradford,8254,
Rose,24734,
Magdalen,39555,
Euna,28281,
Agustin,5138,
Myrl,2777,
Akeem,38912,
Pietro,6267,
Alexandre,7379,
Santiago,9381,
Meda,48148,
Prudence,21972,
Morton,42686,
Leta,27417,
Kayleigh,35803,
Lyric,18867,
Giuseppe,43118,
Grayce,18623,
Elmer,47404,
Terence,19010,
Elissa,27388,
Harmon,13212,
Bryon,11929,
Brayan,23674,
Arden,18994,
Isidro,30392,
Bonita,49484,
Milton,2205,
Raul,5612,
Bart,29635,
Vella,430,
Raphaelle,16371,
Amos,11410,
Brook,18749,
Vladimir,5663,
Ruth,2935,
Anne,7889,
Victor,44363,
Oceane,36805,
Genoveva,28829,
Corbin,33543,
Elisabeth,10955,
Isidro,15970,
Kailee,7150,
Vivian,44358,
Shaniya,32905,
Avis,9511,
Heber,30364,
Erick,3577,
Emanuel,7084,
Danial,38069,
Carolyne,41361,
Trevion,29672,
Aaron,23574,
Camila,11603,
Kendall,2183,
Devyn,18033,
Valentina,27807,
Oral,37108,
Octavia,7654,
Amari,42761,
Meaghan,34041,
Noe,957,
Marianne,13845,
Alex,7058,
Stanford,3341,
Lewis,6239,
Mustafa,42707,
Zackary,15244,
Margarete,10686,
Brent,16010,
Tessie,23814,
Chadrick,36327,
Raegan,37748,
Javon,43605,
Mara,11287,
Maxwell,25102,
Lorenza,6687,
Rahsaan,42101,
Creola,7214,
Zoe,21542,
Jovani,23141,
Jovany,3689,
Jordi,48263,
Willie,3358,
Aisha,42714,
Fletcher,30777,
Porter,12462,
Christop,24983,
Jules,12883,
Lyda,18632,
Melba,17079,
Arjun,19889,
Noemi,28171,
Burnice,45212,
Alycia,10915,
Maryjane,15641,
Orion,15515,
Chyna,20312,
Clay,9436,
Charles,35503,
Kenyon,11828,
Emory,5768,
Jamey,4152,
Demario,31439,
Randall,1740,
Angus,2237,
Ronny,16034,
Nadia,35923,
Jamar,31333,
Cecil,14494,
Wava,17277,
Gertrude,5156,
Burley,16181,
Suzanne,9404,
Monica,16921,
Lupe,35454,
Isabel,2632,
Stephon,26981,
Rosalyn,47600,
Joel,19887,
Wilfred,32028,
Wilton,45439,
Myra,25158,
Susana,18964,
Merle,24568,
Otis,42759,
Judd,8137,
Noemi,44219,
Violet,40751,
Vivien,49790,
Albert,35100,
Alberta,39853,
Hank,17843,
Stacy,12040,
Ella,46731,
Don,30332,
Tiara,31018,
Maggie,13420,
Brenden,38660,
Anna,35593,
Ryann,45561,
Neal,6848,
Ola,42721,
Dawson,48267,
Felix,21130,
Houston,209,
Eleazar,46947,
Nolan,33456,
Johan,43708,
Concepcion,45981,
Ashleigh,5580,
Jocelyn,28785,
Jessica,49961,
Peyton,35601,
Pietro,19073,
Minnie,19490,
Hermann,12511,
Lucius,37094,
Gabe,6470,
Rodger,49340,
Fay,22560,
Demetris,28740,
Savannah,15090,
Cletus,38943,
Kraig,1078,
Mazie,38053,
Bianka,39789,
Laurence,35312,
Alize,21247,
Dawn,26343,
Adeline,41190,
Simeon,20056,
Patsy,32642,
Eleanore,49073,
Price,26535,
Lucy,44460,
Colin,10805,
Amparo,29129,
Alexie,11238,
Carole,35679,
Caroline,19770,
Jazlyn,42823,
Kirstin,41934,
Lois,5106,
Shirley,33610,
Yvette,22983,
Alek,3289,
Leopoldo,36047,
Rupert,34126,
Adeline,23657,
Kiara,21610,
Chase,34525,
Matteo,33159,
Alyce,5146,
Janessa,15281,
Salvador,24917,
Diana,38528,
Devin,39150,
Royal,26297,
Garfield,3562,
Elisa,43866,
Brendon,1989,
Joaquin,27350,
Coby,14039,
Claudine,3404,
Gennaro,28587,
Murl,43539,
Deron,5805,
Elmo,22089,
Ronaldo,5067,
Matt,38720,
Estefania,21817,
Jamaal,6791,
Esta,6593,
Celestine,6547,
Elliott,41040,
Maverick,29609,
Russel,24784,
Davion,31522,
Charity,27802,
Travon,881,
Pedro,46108,
Marcelino,2849,
Talia,42561,
Zakary,23912,
Alda,13253,
Maud,17435,
Jarvis,49759,
Marcelle,12435,
Raymond,43421,
Ella,8088,
Rosalee,6535,
Rachel,21709,
Aurelie,38535,
Stephany,26549,
Aurore,35483,
Quinn,1975,
Eileen,48367,
Rahsaan,11792,
Eldridge,12096,
Nedra,15580,
Loy,756,
Russell,36170,
Kaelyn,7420,
Augustus,31833,
Elvera,22650,
Frederik,35742,
Emmanuel,19298,
Vincenzo,39948,
Allene,34010,
Shaylee,572,
Kelsie,27152,
Crawford,33074,
Hal,1731,
Alec,7144,
Heber,32912,
Tierra,38506,
Maryam,31537,
Derick,40018,
Lon,20508,
Seth,6651,
Katrina,4808,
Melisa,21088,
Brent,20617,
Kitty,37349,
Jada,25816,
Axel,1191,
Luigi,25300,
Carlie,30312,
Nannie,18542,
Edna,6430,
Graciela,16497,
Damion,49534,
Gabe,18839,
Ova,4751,
Dustin,660,
Chadrick,34950,
Jackie,29233,
Emily,24492,
Sibyl,31185,
Nelda,19864,
Antoinette,746,
Mikel,47939,
Chauncey,32013,
Selina,22426,
Vaughn,27826,
Macy,28211,
Athena,38171,
Darius,12006,
Lelah,29357,
Tyrique,34819,
Dianna,17233,
Preston,27354,
Ron,7745,
Dion,21701,
Roger,10743,
Mattie,20321,
Laury,5605,
Oswaldo,41328,
Julius,9986,
Opal,32617,
Dorothy,8203,
Wilson,23526,
Ardith,27959,
Marta,49241,
Josiah,44157,
Katarina,29357,
Lafayette,41203,
Emiliano,48221,
Elouise,19984,
Conner,20484,
Christiana,21611,
Monroe,45360,
Joesph,3238,
Herman,14915,
Annabell,38513,
Kali,44774,
Sage,47221,
Scottie,41465,
Ryder,47601,
Leonardo,2136,
Boyd,48229,
Leatha,48647,
Keshaun,27366,
Hoyt,33094,
Leopoldo,19635,
Keely,17669,
Lincoln,33937,
Gerson,18267,
Glenna,11057,
Abe,21907,
Hiram,31073,
Demetris,12008,
Colleen,32585,
Mylene,9827,
Sydnie,39722,
Xander,37047,
Ubaldo,41521,
Pauline,33063,
Millie,17627,
Marcellus,47198,
Nickolas,17338,
Alessandro,8955,
Madalyn,4138,
Ransom,5269,
Candace,31858,
Karley,47392,
Corbin,12539,
Keanu,45765,
Brant,41148,
Julian,32218,
Ransom,3950,
Saige,27511,
Kay,13050,
Emilie,21652,
Cooper,3195,
Lyla,35457,
Lucinda,44757,
Angeline,22863,
Rey,25376,
Reggie,32700,
Tiara,46994,
William,46358,
Mac,44072,
Virgie,19112,
Nayeli,13310,
Geo,30585,
Isadore,46822,
Jayce,37664,
Rusty,13480,
Adolf,8888,
Kennith,13850,
Walker,30029,
Madison,6698,
Loma,18364,
Crawford,35785,
Magali,36247,
Reva,1125,
Pamela,27613,
Rashawn,42160,
Karlie,14611,
Madonna,47323,
Sasha,48439,
Nola,1958,
Antonio,1556,
Osvaldo,12072,
Jillian,12087,
Ericka,36536,
Dino,37789,
Eliza,36161,
Myriam,9240,
Mark,1346,
Danielle,27856,
Marge,3988,
Cali,25648,
Flossie,34468,
Eula,47809,
Ellis,9536,
Elmo,14093,
Sheila,10391,
Reid,5562,
Mellie,40722,
Kaylee,19998,
Victor,46538,
Elizabeth,19595,
Ivy,37362,
Rosalind,6607,
Waldo,1725,
Jacinthe,33205,
Dayna,24436,
Aletha,31092,
Sierra,27485,
Marcellus,41284,
Haylie,10478,
Johnson,1127,
Evie,16302,
Bernadine,48479,
Gladyce,20182,
Alexys,8892,
Kevon,44300,
August,6281,
Adolf,11590,
Ova,17078,
Keely,32893,
Keaton,3150,
Thora,7160,
Arvel,22608,
Itzel,3401,
Annetta,16367,
Heather,12845,
Peter,36830,
Karl,46806,
Stephanie,23107,
Odell,10986,
Randi,28503,
Britney,21587,
Isai,32178,
Elizabeth,36933,
Genoveva,5421,
Ronaldo,23012,
Marjorie,16340,
Gilberto,15314,
Annabell,47491,
Coleman,48175,
Edmund,14576,
Larissa,30085,
Beth,28726,
Merritt,14757,
Woodrow,27267,
Madelyn,43253,
Kaleigh,47626,
Marisa,19236,
Zetta,27301,
Tommie,12232,
Khalil,24521,
Freida,39773,
Riley,879,
Brionna,16234,
Colton,3416,
Nikko,7947,
Lucinda,39950,
Leslie,34104,
Josefa,32297,
Mafalda,27478,
Matteo,2943,
Hollie,25892,
Roy,2244,
Idella,4191,
Kiara,19052,
Marshall,4843,
Beverly,41997,
Norwood,10533,
Abbie,32124,
Frederik,16548,
Ulices,8112,
Koby,36093,
Damion,27507,
Marion,897,
Janis,43069,
Anastacio,40471,
Wilfrid,37653,
Ivah,1868,
Katrine,24571,
Gertrude,29420,
Jody,47998,
Giovanni,18219,
Katlynn,16968,
Hollis,36509,
Everette,17282,
Haley,21661,
Werner,18894,
Lavon,8438,
Krystel,18951,
Jorge,44033,
Penelope,6633,
Mariana,3404,
Destini,18739,
Tyrese,36641,
Libbie,2090,
Toney,9364,
Jailyn,46276,
Maia,5304,
Rosemarie,9964,
Quincy,3324,
Hertha,4372,
Barrett,41589,
Madisyn,47621,
Maia,10821,
Brian,21074,
Larissa,48768,
Cordell,15667,
Caitlyn,42401,
Lauriane,34297,
Bridget,12832,
Zoie,12662,
Trycia,48280,
Gerald,17706,
Louvenia,30743,
Josiah,49215,
Adaline,15237,
Mckenna,46236,
Kelly,15397,
Adalberto,5327,
Rae,19877,
Natasha,27120,
Dock,31659,
Lester,49403,
Itzel,13742,
Madonna,3219,
Wilfrid,7929,
Brody,35459,
Henderson,5159,
Emmett,26030,
Alvena,4324,
Kale,41680,
Kale,18502,
Sarai,38549,
Gabriel,6782,
Gail,49991,
Cleveland,4553,
Demarcus,27224,
Ila,23859,
Elsa,22157,
Selmer,21937,
Vergie,10986,
Catalina,37468,
Elroy,41062,
Friedrich,30155,
Daisha,22371,
Anjali,10015,
Orlando,21183,
Betty,43901,
Flo,14665,
Adell,34351,
Monserrat,127,
Magali,33249,
Pink,39923,
Keegan,25700,
Destini,27261,
Jeramie,34414,
Mathilde,25775,
Flavie,33731,
Cielo,704,
Jena,10740,
Paige,23818,
